split,layers,iterations,batch,dataset,NLL,ACC,AUC,time
0,1,500000,100,SUSY,0.4368841047843134,0.797662,0.8727651119387004,3837.152752403
0,2,500000,100,SUSY,0.4321594069316427,0.7999,0.87495378422454,31233.03177672
0,3,500000,100,SUSY,0.4314402594489634,0.800758,0.8751720926154601,123088.287285059
0,4,500000,100,SUSY,0.431643082157356,0.80067,0.8751251741070031,174560.799046815
0,5,500000,100,SUSY,0.4322994781839839,0.799834,0.8749637647497304,100173.042715275
