split,layers,iterations,batch,dataset,NLL,RMSE,CRPS,time
0,1,150000,100,airline,5.095962057481267,38.57880081979247,18.128838081359,1137.669891217
0,2,150000,100,airline,5.085434402739712,38.15528518725952,17.841665647634027,4798.495937743
0,3,150000,100,airline,5.074277593455737,37.92760159207226,17.59990335381915,8445.868028958
0,4,150000,100,airline,5.080939037035169,38.08954634646327,17.517559261506833,12331.71491438
0,5,150000,100,airline,5.080810590289407,38.15462477549988,17.675943419659546,16119.457366263
