vip_layers,time,LOSS,NLL,Error,AUC,Accuracy
[1],2269.671875,3518.3642578125,0.345029354095459,0.1500000357627868,0.9315090775489808,0.8499999642372131
"[30, 1]",4726.03125,3913.75390625,0.3116779625415802,0.1234999895095825,0.9485185146331788,0.8765000104904175
"[30, 30, 1]",9988.3125,3485.658447265625,0.2810721695423126,0.1219999194145202,0.9562649726867676,0.8780000805854798
"[30, 30, 30, 1]",9192.171875,3488.215576171875,0.287567526102066,0.1239999532699585,0.9508639574050904,0.8760000467300415
"[30, 30, 30, 30, 1]",10387.359375,3441.2529296875,0.2833001017570495,0.1190000772476196,0.952736794948578,0.8809999227523804
