vip_layers,time,LOSS,NLL,Error,Accuracy
[1],5173.667186069,1859.4234619140625,0.1330747753381729,0.0186006426811218,0.9813993573188782
"[30, 10]",8814.93998069,2245.359619140625,0.0756621435284614,0.0143004655838012,0.9856995344161988
"[30, 30, 10]",10633.844710646,2448.05615234375,0.0810910984873771,0.0161005854606628,0.9838994145393372
