vip_layers,time,LOSS,RMSE,NLL,CRPS
[1],1058.912908744,243.9627990722656,39.104942,5.110450744628906,18.652099609375
[2],1933.779033323,781.7514038085938,37.91866,5.081051349639893,18.00758934020996
[3],4476.365007901,1169.5106201171875,37.82146,5.072818279266357,17.778057098388672
[4],5795.220173459,1523.116943359375,37.777718,5.076582431793213,17.753923416137695
[5],9077.224313772,1860.864013671875,37.715797,5.0703654289245605,17.655338287353516
