vip_layers,time,LOSS,NLL,Error,AUC,ACC
[1],7230.076036040999,4704.296875,0.4569615721702575,0.2132832407951355,0.8572549223899841,0.7867167592048645
[2],11829.753970512,5751.021484375,0.429959237575531,0.1986843943595886,0.8742883205413818,0.8013156056404114
[3],22380.687841964,6639.5107421875,0.4290495216846466,0.1986773610115051,0.8749139308929443,0.8013226389884949
[4],29128.962740493,7556.0048828125,0.4278860092163086,0.1977465748786926,0.8755000233650208,0.8022534251213074
[5],39538.99581619,8145.7880859375,0.4278077483177185,0.1978892087936401,0.8756895065307617,0.8021107912063599
