vip_layers,time,LOSS,RMSE,NLL,CRPS
[1],2589.561990568,229.33041381835935,10.236126,3.74489426612854,5.457592010498047
[2],14901.2218174,2522.89794921875,9.630733,3.6833646297454834,5.111169815063477
[3],21209.721371594,4269.7119140625,9.24075,3.6401522159576416,4.879540920257568
[4],13477.9252703,4830.0556640625,9.208208,3.636647701263428,4.857850074768066
[5],70041.112961216,4506.3037109375,9.302427,3.6458258628845215,4.894062042236328
