,LOSS,RMSE,NLL,CRPS,prior_std,log_variance,iterations,weight_decay,dataset,MAP_iterations,M,alpha
0,227.6785125732422,9.096688,3.4946396350860596,0.0,0.31574445197294315,-6.0430065330602,20000,0.01,Year,20000,100,1.0
