,LOSS,RMSE,NLL,CRPS,prior_std,log_variance,iterations,weight_decay,dataset,MAP_iterations,M,alpha
0,179.7562255859375,9.096688,3.52679443359375,0.0,0.25448930804801534,-5.17956194275845,20000,0.01,Year,20000,50,1.0
