,LOSS,RMSE,NLL,CRPS,prior_std,log_variance,iterations,weight_decay,dataset,MAP_iterations,M,alpha
0,137.52862548828125,9.096688,3.4894657135009766,0.0,1.5802225278919932,-9.478766982223434,20000,0.01,Year,20000,50,1.0
