,LOSS,RMSE,NLL,CRPS,prior_std,log_variance,iterations,weight_decay,dataset,MAP_iterations,M,alpha
0,156.00732421875,9.096688,3.4845457077026367,0.0,1.6305892669081068,-9.50445110992932,20000,0.01,Year,20000,100,1.0
